Mon super auteur,Ma super description
Mon super auteur,Ma super description
Mon super auteur,Ma super description
Mon super auteur,Ma super description
super_auteur,super gossip
super_auteur,super gossip
super_auteur,super gossip
super_auteur,super gossip
super_auteur,super gossip
super_auteur,super gossip
Oceane,Injin a 7 tatouages
Maria,Jose est nul
Mangale,Helloooooo
Injon,Coucou toi
ANDREA,Coucou vous
Rita,Mitzouko
,Jora,Ploirfoi
,idiot,iewjifojewoi
0,Jeanne,Okcll
0,jeojoi,bdjawhdhohawo
desk,dmewkfkwea
